{
  "tag": "content-exporter",
  "version": "1.0.0",
  "meta": {
    "entity": "content-exporter",
    "options": []
  },
  "data": {
    "wp:bloginfo_title": "cm4all-wp-impex-extension",
    "wp:bloginfo_url": "http://localhost:8888",
    "wp:bloginfo_description": "Just another WordPress site",
    "wp:bloginfo_language": "en-US",
    "wp:bloginfo_rss_url": "http://localhost:8888",
    "authors": [
      {
        "wp:author_id": 0,
        "wp:author_login": null,
        "wp:author_email": null,
        "wp:author_display_name": null,
        "wp:author_first_name": null,
        "wp:author_last_name": null
      },
      {
        "wp:author_id": 1,
        "wp:author_login": "admin",
        "wp:author_email": "wordpress@example.com",
        "wp:author_display_name": "admin",
        "wp:author_first_name": "",
        "wp:author_last_name": ""
      }
    ],
    "taxonomies": {
      "elementor_library_type": {
        "name": "elementor_library_type",
        "object_type": [
          "elementor_library",
          "e-landing-page"
        ],
        "args": {
          "label": "Type",
          "labels": {
            "name": "Type",
            "singular_name": "Type",
            "search_items": "Search Tags",
            "popular_items": "Popular Tags",
            "all_items": "Type",
            "parent_item": null,
            "parent_item_colon": null,
            "name_field_description": "The name is how it appears on your site.",
            "slug_field_description": "The &#8220;slug&#8221; is the URL-friendly version of the name. It is usually all lowercase and contains only letters, numbers, and hyphens.",
            "parent_field_description": null,
            "desc_field_description": "The description is not prominent by default; however, some themes may show it.",
            "edit_item": "Edit Tag",
            "view_item": "View Tag",
            "update_item": "Update Tag",
            "add_new_item": "Add New Tag",
            "new_item_name": "New Tag Name",
            "separate_items_with_commas": "Separate tags with commas",
            "add_or_remove_items": "Add or remove tags",
            "choose_from_most_used": "Choose from the most used tags",
            "not_found": "No tags found.",
            "no_terms": "No tags",
            "filter_by_item": null,
            "items_list_navigation": "Tags list navigation",
            "items_list": "Tags list",
            "most_used": "Most Used",
            "back_to_items": "&larr; Go to Tags",
            "item_link": "Tag Link",
            "item_link_description": "A link to a tag.",
            "menu_name": "Type",
            "name_admin_bar": "Type",
            "archives": "Type"
          },
          "description": "",
          "public": false,
          "publicly_queryable": false,
          "hierarchical": false,
          "show_ui": false,
          "show_in_menu": false,
          "show_in_nav_menus": false,
          "show_tagcloud": false,
          "show_in_quick_edit": false,
          "show_admin_column": true,
          "meta_box_cb": "post_tags_meta_box",
          "meta_box_sanitize_cb": "taxonomy_meta_box_sanitize_cb_input",
          "rewrite": false,
          "query_var": false,
          "update_count_callback": "",
          "show_in_rest": false,
          "rest_base": false,
          "rest_namespace": false,
          "rest_controller_class": false,
          "rest_controller": null,
          "default_term": null,
          "sort": null,
          "args": null,
          "_builtin": false,
          "capabilities": {
            "manage_terms": "manage_categories",
            "edit_terms": "manage_categories",
            "delete_terms": "manage_categories",
            "assign_terms": "edit_posts"
          }
        }
      },
      "elementor_library_category": {
        "name": "elementor_library_category",
        "object_type": [
          "elementor_library"
        ],
        "args": {
          "label": "Categories",
          "labels": {
            "name": "Categories",
            "singular_name": "Category",
            "search_items": "Search Categories",
            "popular_items": null,
            "all_items": "All Categories",
            "parent_item": "Parent Category",
            "parent_item_colon": "Parent Category:",
            "name_field_description": "The name is how it appears on your site.",
            "slug_field_description": "The &#8220;slug&#8221; is the URL-friendly version of the name. It is usually all lowercase and contains only letters, numbers, and hyphens.",
            "parent_field_description": "Assign a parent term to create a hierarchy. The term Jazz, for example, would be the parent of Bebop and Big Band.",
            "desc_field_description": "The description is not prominent by default; however, some themes may show it.",
            "edit_item": "Edit Category",
            "view_item": "View Category",
            "update_item": "Update Category",
            "add_new_item": "Add New Category",
            "new_item_name": "New Category Name",
            "separate_items_with_commas": null,
            "add_or_remove_items": null,
            "choose_from_most_used": null,
            "not_found": "No categories found.",
            "no_terms": "No categories",
            "filter_by_item": "Filter by category",
            "items_list_navigation": "Categories list navigation",
            "items_list": "Categories list",
            "most_used": "Most Used",
            "back_to_items": "&larr; Go to Categories",
            "item_link": "Category Link",
            "item_link_description": "A link to a category.",
            "menu_name": "Categories",
            "name_admin_bar": "Category",
            "archives": "All Categories"
          },
          "description": "",
          "public": false,
          "publicly_queryable": false,
          "hierarchical": true,
          "show_ui": true,
          "show_in_menu": true,
          "show_in_nav_menus": false,
          "show_tagcloud": true,
          "show_in_quick_edit": true,
          "show_admin_column": true,
          "meta_box_cb": "post_categories_meta_box",
          "meta_box_sanitize_cb": "taxonomy_meta_box_sanitize_cb_checkboxes",
          "rewrite": false,
          "query_var": false,
          "update_count_callback": "",
          "show_in_rest": false,
          "rest_base": false,
          "rest_namespace": false,
          "rest_controller_class": false,
          "rest_controller": null,
          "default_term": null,
          "sort": null,
          "args": null,
          "_builtin": false,
          "capabilities": {
            "manage_terms": "manage_categories",
            "edit_terms": "manage_categories",
            "delete_terms": "manage_categories",
            "assign_terms": "edit_posts"
          }
        }
      }
    },
    "categories": {
      "1": {
        "wp:term_id": 1,
        "wp:term_slug": "uncategorized",
        "wp:term_parent": "",
        "wp:term_name": "Uncategorized",
        "wp:term_description": "",
        "wp:term_meta": []
      }
    },
    "tags": [],
    "terms": [],
    "posts": [
      {
        "title": "Hello world!",
        "link": null,
        "pubDate": false,
        "dc:creator": "admin",
        "guid": null,
        "guid_isPermaLink": false,
        "description": null,
        "wp:post_content": "<!-- wp:paragraph -->\n<p>Welcome to WordPress. This is your first post. Edit or delete it, then start writing!</p>\n<!-- /wp:paragraph -->",
        "wp:post_excerpt": "",
        "wp:post_id": 1,
        "wp:post_date": "2022-07-08 09:10:54",
        "wp:post_date_gmt": "2022-07-08 09:10:54",
        "wp:post_modified_gmt": "2022-07-08 09:10:54",
        "wp:comment_status": "open",
        "wp:ping_status": "open",
        "wp:post_name": "hello-world",
        "wp:status": "publish",
        "wp:post_parent": 0,
        "wp:menu_order": 0,
        "wp:post_type": "post",
        "wp:post_password": "",
        "wp:is_sticky": 0,
        "wp:attachment_url": null,
        "taxonomy_terms": [
          {
            "wp:term_taxonomy": "category",
            "wp:term_slug": "uncategorized",
            "wp:term_name": "Uncategorized"
          }
        ],
        "meta": [],
        "comments": [
          {
            "wp:comment_id": 1,
            "wp:comment_author": "A WordPress Commenter",
            "wp:comment_author_email": "wapuu@wordpress.example",
            "wp:comment_author_url": "https://wordpress.org/",
            "wp:comment_author_IP": "",
            "wp:comment_date": "2022-07-08 09:10:54",
            "wp:comment_date_gmt": "2022-07-08 09:10:54",
            "wp:comment_content": "Hi, this is a comment.\nTo get started with moderating, editing, and deleting comments, please visit the Comments screen in the dashboard.\nCommenter avatars come from <a href=\"https://en.gravatar.com/\">Gravatar</a>.",
            "wp:comment_approved": "1",
            "wp:comment_type": "comment",
            "wp:comment_parent": 0,
            "wp:comment_user_id": 0,
            "wp:commentmeta": []
          }
        ]
      },
      {
        "title": "Default Kit",
        "link": null,
        "pubDate": false,
        "dc:creator": "",
        "guid": null,
        "guid_isPermaLink": false,
        "description": null,
        "wp:post_content": "",
        "wp:post_excerpt": "",
        "wp:post_id": 5,
        "wp:post_date": "2022-07-08 10:19:11",
        "wp:post_date_gmt": "2022-07-08 10:19:11",
        "wp:post_modified_gmt": "2022-07-08 10:19:11",
        "wp:comment_status": "closed",
        "wp:ping_status": "closed",
        "wp:post_name": "default-kit",
        "wp:status": "publish",
        "wp:post_parent": 0,
        "wp:menu_order": 0,
        "wp:post_type": "elementor_library",
        "wp:post_password": "",
        "wp:is_sticky": 0,
        "wp:attachment_url": null,
        "taxonomy_terms": [],
        "meta": [
          {
            "wp:term_meta_key": "_elementor_edit_mode",
            "wp:term_meta_value": "builder"
          },
          {
            "wp:term_meta_key": "_elementor_template_type",
            "wp:term_meta_value": "kit"
          }
        ],
        "comments": []
      },
      {
        "title": "Custom Styles",
        "link": null,
        "pubDate": false,
        "dc:creator": "admin",
        "guid": null,
        "guid_isPermaLink": false,
        "description": null,
        "wp:post_content": "{\"version\": 2, \"isGlobalStylesUserThemeJSON\": true }",
        "wp:post_excerpt": "",
        "wp:post_id": 6,
        "wp:post_date": "2022-07-08 10:22:18",
        "wp:post_date_gmt": "2022-07-08 10:22:18",
        "wp:post_modified_gmt": "2022-07-08 10:22:18",
        "wp:comment_status": "closed",
        "wp:ping_status": "closed",
        "wp:post_name": "wp-global-styles-twentytwentytwo",
        "wp:status": "publish",
        "wp:post_parent": 0,
        "wp:menu_order": 0,
        "wp:post_type": "wp_global_styles",
        "wp:post_password": "",
        "wp:is_sticky": 0,
        "wp:attachment_url": null,
        "taxonomy_terms": [
          {
            "wp:term_taxonomy": "wp_theme",
            "wp:term_slug": "twentytwentytwo",
            "wp:term_name": "twentytwentytwo"
          }
        ],
        "meta": [],
        "comments": []
      },
      {
        "title": "asdf",
        "link": null,
        "pubDate": false,
        "dc:creator": "admin",
        "guid": null,
        "guid_isPermaLink": false,
        "description": null,
        "wp:post_content": "<!-- wp:paragraph -->\n<p>fdsa</p>\n<!-- /wp:paragraph -->",
        "wp:post_excerpt": "",
        "wp:post_id": 17,
        "wp:post_date": "2022-07-18 08:31:37",
        "wp:post_date_gmt": "0000-00-00 00:00:00",
        "wp:post_modified_gmt": "2022-07-18 08:31:38",
        "wp:comment_status": "closed",
        "wp:ping_status": "closed",
        "wp:post_name": "",
        "wp:status": "draft",
        "wp:post_parent": 0,
        "wp:menu_order": 0,
        "wp:post_type": "page",
        "wp:post_password": "",
        "wp:is_sticky": 0,
        "wp:attachment_url": null,
        "taxonomy_terms": [],
        "meta": [
          {
            "wp:term_meta_key": "_edit_lock",
            "wp:term_meta_value": "1658132954:1"
          }
        ],
        "comments": []
      }
    ]
  },
  "type": "php",
  "date": "2022-07-18 08:31:47 +0000"
}